{
  "Alger Heights": [42.91977110658982, -85.63762286464843],
  "Baxter": [42.95216377300772, -85.6444865338309],
  "Belknap Lookout": [42.97666700095551, -85.6657994499899],
  "Black Hills": [42.94750275106945, -85.6985791822174],
  "Creston": [42.99696517662913, -85.66053459752148],
  "Downtown": [42.96804948394051, -85.67045634235708],
  "East Hills": [42.959156727675314, -85.64673326627143],
  "Eastern-Burton": [42.931131754863046, -85.64486981084444],
  "Eastgate": [42.934927641739606, -85.62152568383236],
  "Eastown": [42.95688106377234, -85.63167369472956],
  "Fulton Heights": [42.96655118961343, -85.63139698810892],
  "Garfield Park": [42.92274985995682, -85.66457844493284],
  "Grandville": [42.94944910372019, -85.67658843659547],
  "Heritage Hill": [42.96167173142395, -85.65887768535742],
  "Highland Park": [42.9777953520945, -85.6512666094905],
  "John Ball Park": [42.957712439069574, -85.70012758933588],
  "Lake Eastbrook": [42.930279191827424, -85.58262261419797],
  "Leffingwell-Twin Lakes": [42.985479117620294, -85.59409400811478],
  "Michigan Oaks": [42.96869422815531, -85.60395644799588],
  "Midtown": [42.97045001384963, -85.64951155312214],
  "Millbank": [42.89460022859151, -85.6211909192303],
  "North End": [43.01171729217291, -85.63332680432778],
  "North Park": [43.020841356780124, -85.64200812200555],
  "Northeast": [42.98135399772153, -85.61738684042358],
  "Oldtown-Heartside": [42.96020613196119, -85.67148919385404],
  "Ottawa Hills": [42.94489073328348, -85.63228849280814],
  "Richmond-Oakleigh": [42.99591191853799, -85.72661083392663],
  "Ridgemoor Park": [42.92565263667539, -85.59430594487158],
  "Roosevelt Park": [42.9345322476245, -85.68352273644186],
  "Shangrai-La": [42.90926789584301, -85.61881320786145],
  "Shawmut Hills": [42.976979934082856, -85.7180059296397],
  "Shawnee Park": [42.9203736020413, -85.6213968318708],
  "Southeast Community": [42.947273678430044, -85.65938253530771],
  "Southeast End": [42.9369303210554, -85.63739296917966],
  "Southwest": [42.94665831061303, -85.67400557877443],
  "West Grand": [42.98080777066349, -85.68807404248216],
  "ken-O-Sha Park": [42.89919381118744, -85.63274542312969]
}
